{
  "cli:/Users/renenicolas/dev/VoiceInk/fm-cleanup/voiceink-fm-cleanup": {
    "avg_ms": 679.8225209179994,
    "median_ms": 664.6960000070976,
    "max_ms": 1169.9076669901842,
    "fails": 0
  }
}